Set,Price_Euro,Pieces,Minifigs
Corner Garage,179.99,2569,
Ford Mustang,169.99,1471,
NASA Apollo 11 Lunar Lander,99.99,1087,
Gingerbread House,89.99,1477,
Harley-Davidson Fat Boy,89.99,1023,
Woody & RC,9.74,69,
Duke Caboom's Stunt Show,19.49,120,
Buzz and Bo Peep's Playground Adventure,24.36,139,
RV Vacation,34.11,178,
Buzz & Woody's Carnival Mania!,49.99,230,
Carnival Thrill Coaster,19.49,98,
My First Tow Truck,9.74,11,
My First Balancing Animals,14.61,15,
My First Fun Puzzle,19.49,15,
My First Car Creations,19.99,34,
Creative Fun,34.99,120,
Mickey's Vacation House,48.73,57,
Spider-Man vs. Electro,19.99,29,
Toy Story Train,19.99,21,
Emmet and Lucy's Visitors from the DUPLO Planet,29.99,53,
My First Minnie Build,9.99,10,
My First Mickey Build,9.74,9,
Frozen Ice Castle,49.99,59,
Police Bike,9.99,8,
Fire Truck,19.99,21,
Police Station,29.99,38,
Fire Station,49.99,76,
Baby Animals,9.74,9,
Tropical Island,59.99,73,
World Animals,99.99,121,
Plane,9.99,12,
Submarine Adventure,19.99,24,
Bricks and Ideas,9.99,123,
Basic Brick Set ,19.99,300,
Bricks and Eyes ,29.23,451,
Windows of Creativity,29.23,450,
Creative Fun,34.11,900,
Star Wars: Build Your Own Adventure Galactic Missions parts,,66,
The Book of Bedtime Builds parts,,68,
Harry Potter: Build Your Own Adventure parts,,101,
Christmas Ideas parts,,41,
Wooden Minifigure parts,,29,
San Francisco,49.99,565,
Paris,49.99,649,
Trafalgar Square,79.99,1197,
Empire State Building,99.99,1767,
Burj Khalifa,39.99,333,
Minecraft Steve BigFig with Parrot,14.99,159,
Minecraft Alex BigFig with Chicken,14.99,160,
Minecraft Skeleton BigFig with Magma Cube,14.99,142,
The End Battle,19.99,222,
The Pirate Ship Adventure,49.99,386,
The Wool Farm,19.99,260,
The Blaze Bridge,39.99,372,
The Creeper Mine,79.99,834,
The Flintstones,58.48,748,
Steamboat Willie,87.72,751,
Tree House,249.99,3036,
Central Perk,79.99,1070,
Dinosaur Fossils,59.99,910,
My First Duck,,6,
Town Rescue - {Random Bag},,0,
Town Rescue - Bird,,0,
Town Rescue - Fireman,,0,
Town Rescue - Cat,,0,
Town Rescue - Policewoman,,0,
Town Rescue - Dog,,0,
Emmet's 'Piece' Offering,3.99,44,
Fire ATV,,39,
Sky Police Jetpack,,33,
Race Boat,3.99,34,
Popcorn Cart,,43,
Space Satellite,,36,
Naboo Starfighter,,48,
Snowspeeder,,49,
Minecraft Steve and Creeper Set,,36,
Tulips,,90,
Emma's Bumper Cars,3.99,66,
Mia's Water Fun,,28,
Spider-Man's Mini Spider Crawler,,73,
Iron Man and Dum-E,,38,
Rex's Plantimal Ambush,3.89,32,
Podracer,,58,
Lucy vs. Alien Invader,,44,
Mini Master-Building MetalBeard,,42,
Mini Master-Building Emmet,3.89,49,
Sam-X,,56,
Ninja Workout,,31,
Fire Flight,,54,
Fish Free Builds - Make It Yours,,39,
Elsa's Winter Throne,3.99,42,
Pelican,3.89,62,
Race Car,3.99,68,
Santa,,67,
Star-Stuck Emmet,,41,
SHAZAM!,,5,
Obi-Wan Kenobi - Collectable Minifigure,,12,
Futuristic Flyer,14.61,157,
Dune Buggy,12.66,147,
Deep Sea Creatures,14.99,230,
Sunset Track Racer,19.99,221,
Underwater Robot,19.99,207,
Shuttle Transporter,24.36,341,
Helicopter Adventure,9.74,114,
Riverside Houseboat,29.99,396,
Race Plane,29.23,333,
Fairground Carousel,48.73,595,
Twin-Rotor Helicopter,48.73,569,
Townhouse Pet Shop & Café,79.99,969,
Outback Cabin,29.23,305,
Year of the Pig,,152,
MSC Cruises,,181,
Jet Fighter,,23,
Caterpillar,,48,
Viking Ship,,54,
Ladybird,,27,
Crane,,64,
Frog,,39,
Ice Cream Truck,,48,
Racing Car,,50,
Eagle,,56,
UFO,,36,
Wolf,,47,
Penguin,,47,
Battle of Hoth - 20th Anniversary Edition,,195,
Avengers Tower,,211,
Space Rocket Ride,,154,
Newbury Juice Bar,,127,
Microscale Gingerbread House,19.48,499,
Christmas Tree,,392,
Sea Accessories,3.99,24,
NINJAGO Minifigure Set,12.99,59,
Spider-Man and the Museum Break-In,14.61,49,
Summer Celebration Minifigure Pack,12.99,45,
Mars Exploration Minifigure Pack,12.66,44,
LEGOLAND® Park,,1336,
LEGOLAND® Driving School Cars,,209,
Birthday Clown,9.99,150,
Valentine's Puppy,9.99,147,
Easter Chick,9.99,120,
Halloween Ghost,9.74,136,
Thanksgiving Scarecrow,9.99,177,
"Reindeer, Elf and Elfie",19.99,281,
Dragon Dance Guy,9.99,170,
LEGO House Exclusive Minifigure 2019,,7,
LEGO Store Picture Frame,14.99,170,
Name Sign,9.99,91,
Olaf's Traveling Sleigh,,97,
Battle of Endor,,197,
LEGO House Dinosaurs,,864,
Lady Liberty,9.99,153,
Xmas Accessories,3.99,32,
Rebuild the World minifigure,,6,
1989 Batmobile - Limited Edition,,366,
Reindeer,,77,
Plants from Plants,,29,
Jasmine's Petite Tower,9.99,49,
Cinderella's Carriage Ride,19.99,91,
Ariel's Castle,24.99,115,
Aladdin's and Jasmine's Palace Adventures,29.99,193,
"Ariel, Aurora, and Tiana's Royal Celebration",44.99,282,
Rapunzel's Small Tower,9.99,44,
Enchanted Treehouse,48.73,302,
Anna's Canoe Expedition,19.99,108,
Elsa and the Reindeer Carriage,29.99,116,
Arendelle Castle Village,79.99,521,
Elsa's Jewellery Box Creation,39.99,300,
Olaf,14.61,122,
Underwater Loop,29.23,389,
Andrea's Heart Box,7.99,84,
Emma's Heart Box,7.99,85,
Stephanie's Heart Box,7.99,85,
Olivia's Heart Box,7.99,85,
Mia's Heart Box,7.99,83,
Heart Box Friendship Pack,19.99,199,
Emma's Mobile Veterinary Clinic ,9.74,50,
Mia's Foal Stable ,19.49,118,
Heartlake City Supermarket,29.23,140,
Mia's Forest Adventure,14.99,134,
Stephanie's Buggy & Trailer ,19.99,166,
Emma's Art Studio,24.99,235,
Olivia's Cupcake Cafe,29.23,335,
Stephanie's Horse Jumping,38.98,337,
Andrea's Talent Show,49.99,492,
Mia's House,68.23,715,
Mia's Horse Trailer,29.23,216,
Stephanie's Gymnastics Show,29.23,241,
Funny Octopus Ride,38.98,324,
Andrea's Pool Party,48.73,468,
Heartlake City Amusement Pier,126.71,1251,
Turtles Rescue Mission,19.49,225,
Dolphins Rescue Mission,38.98,363,
Heartlake City Restaurant,58.48,624,
Lighthouse Rescue Centre,58.48,602,
Rescue Mission Boat,87.72,908,
LEGO Friends Advent Calendar,24.99,330,
Olivia's Hamster Playground,9.74,81,
Andrea's Summer Heart Box,7.99,83,
Emma's Summer Heart Box,7.99,86,
Stephanie's Summer Heart Box,7.99,95,
Olivia's Summer Heart Box,7.99,93,
Mia's Summer Heart Box,7.99,85,
Emmet,,113,
Wyldstyle,,134,
Benny,,103,
Sweet Mayhem,,137,
Cherry Picker,9.74,155,
Power Boat,14.99,174,
Getaway Truck,19.99,128,
Police Pursuit,19.49,120,
Rescue Helicopter,29.99,325,
Chevrolet Corvette ZR1,39.99,579,
Tracked Loader,59.99,827,
Remote-Controlled Stunt Racer,79.99,324,
Porsche 911 RSR,199.99,1580,
Compact Crawler Crane,87.72,920,
Car Transporter,149.99,2493,
4x4 X-Treme Off-Roader,229.99,958,
Liebherr R 9800,449.99,4108,
Land Rover Defender,199.99,2573,
Elsa's Ice Palace,69.99,701,
City Shaper Challenge Kit,,2238,
BOOMTOWN BUILD Inspire Set,,739,
BOOMTOWN BUILD Discovery Set,,78,
Ski Resort,77.97,806,
Jet Patrol,9.74,54,
Sky Police Drone Chase,19.49,192,
Parachute Arrest,29.23,218,
Diamond Heist,49.99,400,
Air Base,73.1,529,
Barbecue Burn Out,9.74,64,
Dock Side Fire,14.61,97,
Burger Bar Fire Rescue,29.99,327,
Fire Station,59.99,509,
Downtown Fire Brigade,99.99,943,
Fire Plane,38.98,363,
Desert Rally Racer,9.99,75,
Construction Loader,9.99,88,
Garbage Truck,19.99,90,
Diving Yacht,19.99,148,
Snow Groomer,19.49,197,
Harvester Transport,29.99,358,
Satellite Service Mission,9.74,84,
Rover Testing Drive,19.49,202,
Mars Research Shuttle,29.99,273,
Lunar Space Station,48.73,412,
Deep Space Rocket and Launch Control,99.99,837,
Rocket Assembly & Transport,129.99,1055,
People Pack - Space Research and Development,38.98,209,
Fire Chief Response Truck,19.49,201,
Garage Centre,38.98,234,
Donut Shop Opening,79.99,790,
People Pack - Fun Fair,38.98,183,
LEGO City Advent Calendar,19.99,234,
Straight & T-Junction ,9.74,2,
Curves & Crossroad,9.74,2,
Police Patrol Car,9.99,92,
Kayak Adventure,9.99,84,
Super Pack 3-in-1,,0,
Super Pack 2-in-1 ,,0,
Super Pack 2-in-1 ,,0,
Bonus/Value pack,,218,
Bonus/Value pack,,125,
2-in-1 Value Pack: Star-Lord & Gamora,,249,
Super Pack 3-in-1,,0,
Super Pack 3-in-1,,0,
Super Pack 3-in-1,,0,
J.B.'s Ghost Lab,19.99,174,
Wrecked Shrimp Boat,29.23,310,
Graveyard Mystery,29.23,335,
El Fuego's Stunt Truck,38.98,428,
Shrimp Shack Attack,48.73,579,
Paranormal Intercept Bus 3000,58.48,689,
Ghost Train Express,77.97,698,
Newbury Haunted High School,116.97,1474,
Spinjitzu Kai,9.99,97,
Spinjitzu Jay,9.99,97,
Spinjitzu Zane,9.99,109,
Spinjitzu Cole,9.99,117,
Spinjitzu Nya & Wu,19.99,227,
Spinjitzu Lloyd vs. Garmadon,19.99,208,
The Samurai Mech,14.61,154,
The Golden Dragon,19.49,171,
Kai's Blade Cycle & Zane's Snowmobile,29.99,376,
Jay's Storm Fighter,38.98,490,
Cole's Earth Driller ,49.99,587,
Monastery of Spinjitzu,77.97,1070,
Lloyd's Journey,14.61,81,
Cole's Dirt Bike,19.49,212,
Shuricopter,29.23,361,
Fire Fang,43.86,463,
Katana 4X4,48.73,450,
Lloyd's Titan Mech,68.23,876,
Land Bounty,126.71,1178,
Castle of the Forsaken Emperor,97.47,1218,
The Ultra Dragon,87.72,951,
Monastery Training,9.99,122,
Spinjitzu Slam - Lloyd,9.74,70,
Spinjitzu Slam - Jay,9.74,72,
Spinjitzu Slam - Zane,9.99,63,
Spinjitzu Slam - Kai vs. Samurai,19.49,164,
LEGO Movie Maker,49.99,482,
Emmet and Benny's 'Build and Fix' Workshop!,19.99,117,
Unikitty's Sweetest Friends EVER!,9.99,76,
Emmet's Thricycle!,14.99,174,
Introducing Queen Watevra Wa'Nabi,19.99,115,
Queen Watevra's Build Whatever Box!,39.99,455,
Rex's Rex-treme Offroader!,29.99,236,
Ultrakatty & Warrior Lucy!,29.99,348,
Pop-Up Party Bus,89.99,1024,
Emmet and Lucy's Escape Buggy!,49.99,550,
Sweet Mayhem's Systar Starship!,69.99,502,
Emmet's Dream House/Rescue Rocket!,59.99,706,
Emmet's Builder Box!,29.99,125,
Lucy's Builder Box!,29.99,141,
MetalBeard's Heavy Metal Motor Trike!,59.99,461,
Rex's Rexplorer!,119.99,1187,
Battle-Ready Batman and MetalBeard,19.99,168,
Shimmer & Shine Sparkle Spa!,69.99,691,
Queen Watevra's 'So-Not-Evil' Space Palace,99.99,995,
The Rexcelsior!,149.99,1826,
Welcome to Apocalypseburg!,299.99,3178,
Benny's Space Squad,9.99,68,
Emmet's Triple-Decker Couch Mech,29.99,312,
Good Morning Sparkle Babies!,9.99,50,
Systar Party Crew,19.99,196,
Wyld-Mayhem Star Fighter,49.99,405,
LEGO Minifigures - The LEGO Movie 2 Series {Random bag},,0,
Awesome Remix Emmet,,7,
Battle-Ready Lucy,,8,
Apocalypse Benny,,8,
Giraffe Guy,,6,
Crayon Girl,,6,
Sherry Scratchen-Post & Scarfield,,6,
Hula Lula,,8,
Watermelon Dude,,6,
Flashback Lucy,,7,
Swamp Creature,,6,
Candy Rapper,,8,
Gone Golfin' President Business,,6,
Apocalypseburg Abe,,7,
Vest Friend Rex,,6,
Kitty Pop,,7,
Dorothy Gale & Toto,,7,
Cowardly Lion,,6,
Scarecrow,,6,
Tin Man,,8,
Unikitty,,15,
LEGO Minifigures - The LEGO Movie 2 Series - Complete,,144,
LEGO Minifigures - The LEGO Movie 2 Series - Sealed Box,3.99,0,
LEGO Minifigures - Disney Series 2 {Random bag},,0,
Vintage Mickey,3.99,6,
Vintage Minnie,3.99,7,
Huey Duck,3.99,7,
Dewey Duck,3.99,7,
Louie Duck,3.99,8,
Scrooge McDuck,3.99,8,
Chip,3.99,6,
Dale,3.99,5,
Elsa,3.99,7,
Anna,3.99,8,
Jafar,3.99,8,
Jasmine,3.99,6,
Hades,3.99,6,
Hercules,3.99,8,
Sally,3.99,7,
Jack Skellington,3.99,10,
Edna Mode,3.99,8,
Frozone,3.99,7,
LEGO Minifigures - Disney Series 2 - Complete,,129,
LEGO Minifigures - Disney Series 2 - Sealed Box,3.99,0,
LEGO Minifigures - Series 19 {Random Bag},,0,
Video Game Champ,,7,
Shower Guy,,8,
Fright Knight,,9,
Monkey King,,12,
Programmer,,10,
Mummy Queen,,6,
Jungle Explorer,,8,
Fire Fighter,,6,
Dog Sitter,,9,
Pizza Costume Guy,,6,
Galactic Bounty Hunter,,8,
Gardener,,7,
Rugby Player,,6,
Fox Costume Girl,,8,
Bear Costume Guy,,7,
Mountain Biker,,10,
LEGO Minifigures - Series 19 - Complete,3.99,127,
LEGO Minifigures - Series 19 - Sealed Box,,0,
Disney Train and Station,329.99,2925,
Naboo Starfighter Microfighter,9.99,62,
Sith Infiltrator Microfighter,9.99,92,
Elite Praetorian Guard Battle Pack,14.99,109,
Inferno Squad Battle Pack,14.99,118,
Darth Vader Bust,,327,
Escape Pod vs. Dewback Microfighters,19.99,177,
Death Star Escape,29.99,329,
Kylo Ren & Sith Trooper,19.99,240,
Droid Gunship,59.99,389,
AT-AP Walker,68.23,689,
X-wing Starfighter Trench Run,29.23,132,
Duel on Starkiller Base,19.99,191,
TIE Fighter Attack,19.99,77,
Action Battle Endor Assault,29.23,193,
Action Battle Hoth Generator Attack,29.23,235,
Major Vonreg's TIE Fighter,68.23,496,
Action Battle Echo Base Defense,58.48,504,
Black Ace TIE Interceptor,48.73,396,
Slave I - 20th Anniversary Edition,116.97,1007,
Tantive IV,194.95,1768,
LEGO Star Wars Advent Calendar,29.99,280,
Death Star Cannon,19.49,159,
Rebel A-wing Starfighter,14.99,62,
Resistance A-wing Starfighter,29.23,269,
Resistance Y-wing Starfighter,69.99,578,
Pasaana Speeder Chase,48.73,373,
Darth Vader's Castle,129.99,1060,
Imperial Star Destroyer,699.99,4784,
Droid Commander,194.95,1177,
AT-ST Raider,59.99,540,
Yoda,119.99,1771,
Kylo Ren's Shuttle,119.99,1005,
Millennium Falcon,169.99,1351,
Anakin's Podracer – 20th Anniversary Edition,29.23,279,
Snowspeeder – 20th Anniversary Edition,39.99,309,
Clone Scout Walker – 20th Anniversary Edition,29.99,250,
Imperial Dropship – 20th Anniversary Edition,19.99,125,
Mini Boost Droid Commander,,62,
The Upside Down,199.99,2287,
Ferrari F40 Competizione,14.99,198,
Chevrolet Camaro ZL1 Race Car,14.99,198,
McLaren Senna,14.99,219,
2018 Dodge Challenger SRT Demon and 1970 Dodge Charger R/T,39.99,478,
1967 Mini Cooper S Rally and 2018 MINI John Cooper Works Buggy,48.73,481,
1974 Porsche 911 Turbo 3.0,14.99,180,
Dilophosaurus on the Loose,24.36,168,
Baryonyx Face-Off: The Treasure Hunt,59.99,434,
Jurassic Park: T. rex Rampage,249.99,3120,
Triceratops Rampage,58.48,447,
T. rex vs Dino-Mech Battle,87.72,716,
Expecto Patronum,19.49,121,
Hungarian Horntail Triwizard Challenge,34.11,265,
Hagrid's Hut: Buckbeak's Rescue,59.99,496,
Hogwarts Clock Tower,99.99,922,
The Knight Bus,39.99,403,
Beauxbatons' Carriage: Arrival at Hogwarts ,48.73,430,
LEGO Harry Potter Advent Calendar,24.99,305,
The Rise of Voldemort,19.49,184,
Tracer vs. Widowmaker,14.99,129,
Hanzo vs. Genji,24.36,197,
Dorado Showdown,29.99,419,
D.Va & Reinhardt,39.99,455,
Bastion,58.48,602,
Watchpoint: Gibraltar,87.72,730,
Wrecking Ball,19.49,227,
Junkrat & Roadhog,48.73,380,
Spider-Man Bike Rescue,24.36,235,
Spider-Man's Spider Crawler,38.98,418,
Spider Mech vs. Venom,48.73,604,
Batman Batsub and the Underwater Clash,24.99,174,
Batman Mech vs. Poison Ivy Mech ,39.99,375,
Mr. Freeze Batcycle Battle,24.36,200,
Batmobile: Pursuit of The Joker,29.23,342,
Batwing and The Riddler Heist,48.73,489,
Batcave Clayface Invasion,97.47,1038,
Captain America: Outriders Attack,24.36,167,
War Machine Buster,34.11,362,
Iron Man Hall of Armor,59.99,524,
Avengers Ultimate Quinjet,77.97,838,
Captain Marvel and The Skrull Attack,29.23,307,
Molten Man Battle,29.23,294,
Hydro-Man Attack,39.99,471,
Stark Jet and the Drone Attack,58.48,504,
Avengers Compound Battle,97.47,699,
Spider-Man Car Chase,9.99,52,
Spider-Man: Doc Ock Diamond Heist,29.99,150,
Batman vs. The Riddler Robbery,9.74,59,
Batman and The Joker Escape,38.98,171,
1989 Batmobile,249.99,3306,
Avengers Hulk Helicopter Rescue,58.48,482,
Sith Trooper Bust,,484,
Captain Marvel and the Asis,,271,
The Dark Knight of Gotham City,,427,
Chinese New Year's Eve Dinner,,615,
Dragon Dance,,622,
Dragon Boat Race,49.99,643,
Koi,,293,
Shark Skin,,31,
Splash Koi Skin,,33,
Ink Koi Skin,,33,
Boost Hub,79.99,1,
Colour & Distance Sensor,13.99,1,
Medium Linear Motor,16.99,1,
Train Motor,13.99,7,
Garmadon,,10,
Garmadon,,10,
Wu,,1,
Wu,,1,
Kai vs. Wyplash,,13,
Kai vs. Wyplash,,13,
Jay Vs. Lasha,,12,
Jay vs. Lasha,,12,
Baby Raptor,,33,
Owen with Baby Raptor,,7,
Batman with Batarang,,7,
Robin,,7,
Superman,,8,
The Flash,,6,
Joker,,9,
Batman,,6,
Show Jump,,34,
Emmet with Tools,,9,
Rex with Jetpack,,0,
Emma's Kitty Chico,,22,
Shop with Costumes,,30,
Sweet Baby,,15,
Bear's Cave,,22,
Andrea's Booth with Waffles,,29,
Robot on paddleboard,,18,
Ice Cream Parlour,,38,
Andrea's Stage,,21,
Stephanie's Puppy Dash,,20,
Halloween Store,,15,
Olivia's Bakery,,38,
Jack,,8,
Possessed Pizza Delivery Man,,6,
Parker,,6,
TLM2 Accessory Set 2019,12.99,48,
Oni Battle Pack,12.99,36,
Emmet Key Chain,4.86,0,
Lucy Key Chain,4.99,0,
Emmet's Construction Worker Vest,14.99,0,
Batarang,7.79,0,
Flail,,0,
Emmet Mask,9.99,0,
Lucy Hair,4.99,0,
Emmet Pod,8.99,27,
Sweet Mayhem's Disco Pod,8.76,28,
TLM2 Tumbler with Straw,7.99,0,
TLM2 Hydration Bottle,12.99,0,
TLM2 Notebook,12.99,0,
Emmet Plush,24.99,0,
Lucy Plush,24.36,0,
Friends Creative Bag Charms,5.99,0,
Stephanie Key Chain,4.99,0,
Olivia Key Chain,4.99,0,
Friends Phone Cover,24.99,0,
Friends Tumbler with Straw,7.79,0,
Cookie Cutters,9.74,0,
LEGO Friends Ceramic Mug,14.99,0,
LEGO Friends Hair Accessory Set,9.99,0,
Jay Keyring,4.86,0,
Nya Keyring,4.86,0,
Lloyd's Kendo Training Pod,8.99,25,
4 4x4 Magnets,7.79,0,
NINJAGO Tumbler with Straw,7.99,0,
Creative Bag Charm,5.99,0,
Brick Suit Guy Key Chain,4.86,0,
Cactus Boy Key Chain,5.99,0,
Elephant Girl Key Chain,4.99,0,
LEGO Greeting Card,4.99,40,
LEGO Toy Soldier Ornament,7.99,43,
Drinking cup,,0,
LEGO® Minifigure Ceramic Mug,14.99,0,
LEGO Brick Ice Cube Tray,9.74,0,
Ice Lollipop Tray,,0,
LEGO Key Hanger,9.74,0,
London Bus Magnet,9.99,0,
4 4x4 Magnets,7.79,0,
Creative Stationery Set,16.99,0,
City Firefighter Key Chain,4.99,0,
City Police Vest,,0,
LEGO DUPLO Tableware,14.61,0,
Brick Stickers,5.99,17,
Creative Rings,,43,
Stormtrooper Keyring,5.99,0,
Luke Skywalker Key Chain,4.99,0,
Princess Leia Key Chain,4.99,0,
Kylo Ren Key Chain,4.86,0,
Spider Man Key Chain,5.99,0,
Batman Key Chain,5.99,0,
Superman Key Chain,5.99,0,
Batwoman Key Chain,5.99,0,
Ariel Key Chain,4.99,0,
Aurora Key Chain,4.99,0,
Creeper Key Chain,4.99,0,
Chicken Skater Pod,,36,
2x6 Key Chain,4.99,0,
TLM2 Stop Sign Shield,15.99,0,
Wooden Minifigure,116.97,0,
"Wooden Minifigure, Colette Mon Amour Edition",,0,
Elsa Key Chain,5.99,0,
Anna Key Chain,5.99,0,
Olaf Key Chain,4.99,0,
Minifigure Factory Box,,0,
Young Wu,,9,
Jay,,8,
Heavy Metal,,11,
Iron Baron,,7,
Lloyd,,10,
Daddy No Legs,,28,
Nya,,9,
Blizzard Samurai,,9,
Cole,,14,
Pyro Whipper,,8,
Kai,,10,
Blizzard Samurai,,8,
Zane,,8,
Jay,,9,
Luke Skywalker,,6,
Resistance Bomber,,37,
Slave I,,31,
U-wing,,37,
IG-88,,11,
AT-M6,,52,
Millennium Falcon,,32,
B-wing,,52,
First Order Stormtrooper ,,5,
Jedi Interceptor,,30,
First Order SF TIE Fighter,,32,
Kylo Ren's TIE Silencer,,33,
Police Officer and Jet,,22,
Fireman,,9,
Lawnmower,,27,
Police Officer with Jetpack,,10,
Gyrocopter,,29,
Diver,,16,
Police Buggy,,27,
Astronaut,,18,
Pizza Delivery Biker,,10,
Traffic Cop,,9,
Space Buggy,,17,
Lumberjack,,13,
FIRST Competitions Medal,,18,
Spike Prime Marketing Kit,,150,
BOOMTOWN BUILD Discover More,,12,
Butterfly,,45,
LEGO System House,,985,
LEGO Play Day polybag,,39,
Christmas X-wing,,1038,
Reusable Bag,,0,
Yoda Minifigure Link Watch,,0,
2x4 Red Luggage Tag,4.99,0,
2x4 Blue Luggage Tag,4.99,0,
LEGO Pencils 6 pack,3.99,0,
Building a Dream - The Story of the LEGO House,,0,
Emma Buildable Watch,,0,
Boy Luggage Tag,7.99,0,
Storage Bag,,0,
Emmet Alarm Clock,29.99,0,
Wyldstyle Alarm Clock,29.23,0,
Emmet Minifigure Link Watch,24.99,0,
Unikitty Buildable Watch with Figure Link,24.99,0,
Wyldstyle Minifigure Link Watch,24.36,0,
Hot Dog Guy Key Light,12.99,0,
Banana Guy Key Light,12.99,0,
Batman Luggage Tag,7.99,0,
Emmet Luggage Tag,7.99,0,
Sweet Mayhem Luggage Tag,7.99,0,
Unikitty Luggage Tag,7.99,0,
Unikitty Night Light,34.99,0,
THE LEGO MOVIE 2 Sticker Roll,3.99,0,
Batman Key Light,12.99,0,
Emmet Key Light,12.99,0,
Unikitty Key Light,12.99,0,
Boy NiteLite,,0,
Girl NiteLite,,0,
Unikitty Torch,,0,
Bag Tag,,0,
Lunch Set Iconic Girl,,0,
The LEGO Movie 2 Awesome Trading Cards,,0,
The LEGO Movie 2 Awesome Collector Album,,0,
Holographic Brick Backpack,,0,
Boba Fett Bag Tag,7.99,0,
Darth Vader Bag Tag,7.99,0,
R2 D2 Bag Tag,7.99,0,
Yoda Bag Tag,,0,
Exclusive LEGO Ford Mustang Key Chain,,0,
20th Anniversary Darth Vader Brick Clock,29.99,0,
20th Anniversary Darth Vader Link Watch,24.99,0,
Stormtrooper Bag Tag,7.99,0,
Emmet Clip,,0,
Unikitty Clip,,0,
LEGO Star Wars Notebook with Gel Pen,17.99,0,
Sweet Mayhem Clip,,0,
Benny Clip,,0,
Emmet Minifigure Plush,,0,
Unikitty Plush,,0,
Captain Marvel Black & White Art Print,,0,
Captain Marvel Art Print,,0,
Avengers: Endgame art print,,0,
Avengers: Endgame Black & White Art Print,,0,
Spider-Man: Far From Home Art Print,,0,
Spider-Man: Far From Home Black & White Art Print,,0,
THE LEGO MOVIE 2: The Second Part (Blu-ray + DVD),,0,
20th Anniversary Star Wars Poster,,0,
Star Wars 20th anniversary art print,,0,
Minifigure Notebook,12.66,0,
Lloyd Luggage Tag,7.99,0,
Mechanical Pencil,3.99,0,
2x4 Brick Luggage Tag,7.99,0,
"Red, Bright Blue and Yellow Wall Hanger Set",14.99,0,
NASA Apollo 11 Lunar Lander Patch,,0,
Reversible Canvas Tote Bag ,,0,
Minifigure Belight Backpack,44.99,0,
Friends Belight Backpack,44.99,0,
NINJAGO Belight Backpack,43.86,0,
NINJAGO Pencil Roll,7.99,0,
Friends Pencil Roll,7.79,0,
Minifigure Pencil Roll,7.79,0,
Teen Minifigure Backpack,49.99,0,
Minifigure Drawstring Bag,11.69,0,
Kindergarten Backpack,19.99,0,
Minifigure Lunch Box,6.99,0,
NINJAGO Lunch Box,6.81,0,
Stranger Things Sketchbook,,0,
Stranger Things Poster,,0,
Back to School Pack,,0,
Belgian Patent for LEGO Elements 1958,,0,
"1st Edition Elephant Water Colour Print, Circa 1937",,0,
"1st Edition of Wooden Duck Print, 1958",,0,
Toy Hen and Chicks Art Print,,0,
Australian Patent LEGO Minifigure 1977,,0,
Japanese Patent LEGO Duplo Brick 1968 Art Print,,0,
VIP Gifting Set,,0,
Picnic Blanket,,0,
LEGO Lunchbox,,0,
LEGO Batman Deluxe Costume,39.99,0,
Santa Bag Tag,7.99,0,
Holiday Bag Tag R2 D2,,0,
Holiday Bag Tag Chewbacca,7.79,0,
Holiday Bag Tag Darth Vader,,0,
Holiday Bag Tag Yoda,7.79,0,
Brick Friday 2019 Minifigure,,0,
Brick Friday 2019 Brick,,1,
LEGO Masters Shopping Bag,,0,
Chewbacca Plush,26.99,0,
Lion Dance,,0,
Piglet,,723,
Spring,,125,
Summer,,103,
Autumn,,126,
Winter,,113,
Reindeer ornament,,0,
Snowman ornament,,0,
Santa ornament,,0,
Christmas tree ornament,,0,
Surfer Van,,62,
Buildable 2x4 Red Brick,,72,
Buildable 2x4 Red Brick,,72,
Windmill,,127,
Amsterdam BrickHeadz,,110,
Tantive IV,,56,
Summer Sailboat,,37,
100 Stores minifigure,,1,
Arendelle Castle,,62,
Beijing BrickHeadz,,110,
Minifigure box,,0,
Löwenstein Castle,,2015,
Antique Fire Engine,,1278,
Skyline Express,,1365,
Wild West Saloon,,1496,
Isle of Peril,,1301,
Eight Studs,,1393,
Science Tower,,1204,
The LEGO Story,,1442,
Imagine it! Build it!,,924,
Hot Shot Carnival ,,591,
Vintage Roadster,,474,
Bikes!,,519,
Steampunk Mini Chess,,371,
Blocks magazine issue 52,,0,
Blocks magazine issue 53,,0,
Blocks magazine issue 54,,0,
Blocks magazine issue 55,,0,
Blocks magazine issue 56,,0,
Blocks magazine issue 57,,0,
Blocks magazine issue 58,,0,
Blocks magazine issue 59,,0,
Blocks magazine issue 60,,0,
Blocks magazine issue 61,,0,
Blocks magazine issue 62,,0,
Blocks magazine issue 63,,0,
Brick Fanatics magazine issue 3,,0,
Brick Fanatics magazine issue 4,,0,
Brick Fanatics magazine issue 5,,0,
Brick Fanatics magazine issue 6,,0,
Brick Fanatics magazine issue 7,,0,
Brick Fanatics magazine issue 8,,0,
Brick Fanatics magazine issue 9,,0,
Brick Fanatics magazine issue 10,,0,
Brick Fanatics magazine issue 11,,0,
Brick Fanatics magazine issue 12,,0,
BrickJournal Issue 55,,0,
BrickJournal Issue 56,,0,
BrickJournal Issue 57,,0,
BrickJournal Issue 58,,0,
BrickJournal Issue 59,,0,
BrickJournal Issue 60,,0,
Mini Captain Marvel Ship,,46,
Cologne BrickHeadz,,110,
Cool Car,,49,
Dragon,,37,
Easter Chick,,30,
Elephant,,0,
Mini Emmet's Dream House/Rescue Rocket,,68,
Flower,,0,
Ganymede,,38,
Mini Harley Davidson,,71,
"LEGO Star Wars: Visual Dictionary, New Edition",,4,
Star Wars Build Your Own Adventure: Galactic Missions,,66,
Amazing Vehicles,,0,
Harry Potter Build Your Own Adventure,,101,
"LEGO NINJAGO: Visual Dictionary, New Edition",,5,
Christmas Ideas,,41,
"LEGO Star Wars: Visual Dictionary, Anniversary Edition",,4,
Harry Potter The Magical Guide to the Wizarding World,,0,
Build Yourself Happy: The Joy of LEGO play,,0,
"Lego Action Vehicles: Police Helicopter, Fire Truck, Ambulance, and More",,0,
"Expanding the LEGO Winter Village, Volume 2",,0,
Building LEGO BrickHeadz Heroes - Volume One: The Unofficial Guide,,0,
Building LEGO BrickHeadz Villains- Volume One: The Unofficial Guide ,,0,
Expanding the LEGO Winter Village,,0,
Building Tales with Syd and Friends,,0,
New York City Brick by Brick,,0,
The Book of Bedtime Builds,,68,
Build It! Wild West,,0,
Build It! Monsters,,0,
Build a LEGO Mustang,,0,
Amazing LEGO Creations from Space with Bricks You Already Have,,0,
The LEGO Castle Book: Build Your Own Mini Medieval World,,0,
Knight Bus,,36,
Luke Skywalker,,87,
Olaf Box,,50,
Panda,,0,
Pig,,0,
Rat,,754,
Wally,,47,
Barb,,4,
Zebra Batman,,5,
PS4 Spider-Man,,3,
Golden Snitch,,35,
Castle Byers,,48,
Stormbreaker,,27,
Tantive IV,,56,
Tree in the Woods,,53,
X-wing Trench Run,,52,
Mini X-wing Fighter,,60,
